year,n_covers,n_female_original,share_female_original
2015,17,5,0.29411764705882354
2016,22,6,0.2727272727272727
2017,19,2,0.10526315789473684
2020,30,11,0.36666666666666664
2021,35,8,0.22857142857142856
2022,44,12,0.2727272727272727
2023,39,7,0.1794871794871795
2024,42,5,0.11904761904761904
2025,30,5,0.16666666666666666
2026,24,8,0.3333333333333333
